"PARTY_ID","PREFIX_NAME","FIRST_NAME","MIDDLE_NAME","LAST_NAME","SUFFIX_NAME","FULL_NAME","BIRTH_DT","BIRTH_PLACE","TITLE","DRAFT_IND","MARTIAL_STATUS_TYPE","CREATED_DT","CREATED_BY","LAST_UPDATED_BY","LAST_UPDATED_DT","DELETED_DT","DELETED_BY","ACCOUNT_ID","ACCOUNT_NAME","GENDER_CODE","ACCOUNT_SYSTEM"
"31745064816837711707","","Jessica","D","Gonzalez","III","Jessica Gonzalez","","","","","","","","","","","","","Jessica Gonzalez","",""
"31745064816837711707","","Jessica","D","","","Jessica","","","","","","","","","","","","","Jessica","",""
"31745064816837711707","","JESSICA","D","GONZALEZ","","JESSICA GONZALEZ","","","","","","","","","","","","","JESSICA GONZALEZ","",""
"19935953817744126414","","A.","A","García","","A. García","","","","","","","","","","","","","A. García","",""
"19935953817744126414","","Andrés","A","G.","","Andrés G.","","","","","","","","","","","","","Andrés G.","",""
"19935953817744126414","","andrés","a","garcía","","andrés garcía","","","","","","","","","","","","","andrés garcía","",""
"19935953817744126414","","Andrés","A","G.","","Andrés G.","","","","","","","","","","","","","Andrés G.","",""
"39300940535796316739","","Aisha","","Haddad","","Aisha Haddad","","","","","","","","","","","","","Aisha Haddad","",""
"39300940535796316739","","Aisha","M","H.","","Aisha H.","","","","","","","","","","","","","Aisha H.","",""
"39300940535796316739","","AISHA","M","HADDAD","","AISHA HADDAD","","","","","","","","","","","","","AISHA HADDAD","",""
"80509458826989478798","","THOMAS","KAY","WRIGHT","","THOMAS WRIGHT","","","","","","","","","","","","","THOMAS WRIGHT","",""
"80509458826989478798","","Thomas","Kay","W.","","Thomas W.","","","","","","","","","","","","","Thomas W.","",""
"80509458826989478798","","T.","Kay","Wright","","T. Wright","","","","","","","","","","","","","T. Wright","",""
"80509458826989478798","","Thomas","Kay","W.","","Thomas W.","","","","","","","","","","","","","Thomas W.","",""
"99466103607676043720","","Jing","D","Yáng","III","Jing Yáng","","","","","","","","","","","","","Jing Yáng","",""
"99466103607676043720","","Jnig","D","Yáng","","Jnig Yáng","","","","","","","","","","","","","Jnig Yáng","",""
"99466103607676043720","","jing","d","yáng","","jing yáng","","","","","","","","","","","","","jing yáng","",""
"66959897308405950035","","Yuki","","","","Yuki","","","","","","","","","","","","","Yuki","",""
"66959897308405950035","","Suzuki","","Yuki","","Suzuki Yuki","","","","","","","","","","","","","Suzuki Yuki","",""
"66959897308405950035","","Y.","","Suzuki","","Y. Suzuki","","","","","","","","","","","","","Y. Suzuki","",""
"20292396639301097677","","Brown","Y","Dorothy","","Brown Dorothy","","","","","","","","","","","","","Brown Dorothy","",""
"20292396639301097677","","DOROTHY","Y","BROWN","","DOROTHY BROWN","","","","","","","","","","","","","DOROTHY BROWN","",""
"20292396639301097677","","dorothy","y","brown","","dorothy brown","","","","","","","","","","","","","dorothy brown","",""
"20292396639301097677","","D.","Y","Brown","","D. Brown","","","","","","","","","","","","","D. Brown","",""
"92310971078923543214","","Donald","Ray","","","Donald","","","","","","","","","","","","","Donald","",""
"92310971078923543214","","Donald","Ray","S.","","Donald S.","","","","","","","","","","","","","Donald S.","",""
"92310971078923543214","","Donald","Ray","aSnchez","","Donald aSnchez","","","","","","","","","","","","","Donald aSnchez","",""
"92310971078923543214","","Donald","Ray","S.","","Donald S.","","","","","","","","","","","","","Donald S.","",""
"28017154188256184678","","Jon","N","Thompson","","Jon Thompson","","","","","","","","","","","","","Jon Thompson","",""
"28017154188256184678","","John","N","","","John","","","","","","","","","","","","","John","",""
"28017154188256184678","","John","N","Tompson","","John Tompson","","","","","","","","","","","","","John Tompson","",""
"28017154188256184678","","Thompson","N","John","","Thompson John","","","","","","","","","","","","","Thompson John","",""
"40627122846012369583","","D.","","Miller","","D. Miller","","","","","","","","","","","","","D. Miller","",""
"40627122846012369583","","Donald","","Miler","","Donald Miler","","","","","","","","","","","","","Donald Miler","",""
"40627122846012369583","","Don","","Miller","","Don Miller","","","","","","","","","","","","","Don Miller","",""
"17729612058690700335","","Ahmed","","Al-Rashid","Esq.","Ahmed Al-Rashid","","","","","","","","","","","","","Ahmed Al-Rashid","",""
"17729612058690700335","","Ahmed","","A.","","Ahmed A.","","","","","","","","","","","","","Ahmed A.","",""
"17729612058690700335","","Ahmed","","A.-R.","","Ahmed A.-R.","","","","","","","","","","","","","Ahmed A.-R.","",""
"17729612058690700335","","Ahmd","","Al-Rashid","","Ahmd Al-Rashid","","","","","","","","","","","","","Ahmd Al-Rashid","",""
"49529741097002947971","","kenji","e","suzuki","","kenji suzuki","","","","","","","","","","","","","kenji suzuki","",""
"49529741097002947971","","Kneji","E","Suzuki","","Kneji Suzuki","","","","","","","","","","","","","Kneji Suzuki","",""
"49529741097002947971","","Kenji","E","","","Kenji","","","","","","","","","","","","","Kenji","",""
"86292341422793101659","","BARBARA","","JOHNSON","","BARBARA JOHNSON","","","","","","","","","","","","","BARBARA JOHNSON","",""
"86292341422793101659","","B.","","Johnson","","B. Johnson","","","","","","","","","","","","","B. Johnson","",""
"86292341422793101659","","Barbara","","J.","","Barbara J.","","","","","","","","","","","","","Barbara J.","",""
"86292341422793101659","","Barbara","","Johnson","","Barbara Johnson","","","","","","","","","","","","","Barbara Johnson","",""
"27964004252829809311","","Fiammetta","","Rozzo","","Fiammetta Rozzo","","","","","","","","","","","","","Fiammetta Rozzo","",""
"27964004252829809311","","Fiammetta","","Rizzo","Sr.","Fiammetta Rizzo","","","","","","","","","","","","","Fiammetta Rizzo","",""
"27964004252829809311","","Fiammetta","","Rizzo","","Fiammetta Rizzo","","","","","","","","","","","","","Fiammetta Rizzo","",""
"27964004252829809311","","fiammetta","","rizzo","","fiammetta rizzo","","","","","","","","","","","","","fiammetta rizzo","",""
"75402394741885143516","","Côté","","André","","Côté André","","","","","","","","","","","","","Côté André","",""
"75402394741885143516","","André","","CCôté","","André CCôté","","","","","","","","","","","","","André CCôté","",""
"75402394741885143516","","A.","","Côté","","A. Côté","","","","","","","","","","","","","A. Côté","",""
"27011576188245936164","","Ashley","","","","Ashley","","","","","","","","","","","","","Ashley","",""
"27011576188245936164","","Ashley","","Jones","II","Ashley Jones","","","","","","","","","","","","","Ashley Jones","",""
"27011576188245936164","","A.","","Jones","","A. Jones","","","","","","","","","","","","","A. Jones","",""
"86562104931718915415","","Małgorzata","","Piórek","","Małgorzata Piórek","","","","","","","","","","","","","Małgorzata Piórek","",""
"86562104931718915415","","Małgorzata","","P.","","Małgorzata P.","","","","","","","","","","","","","Małgorzata P.","",""
"86562104931718915415","","Małgorzata","","","","Małgorzata","","","","","","","","","","","","","Małgorzata","",""
"30636645119786950750","","matthew","dale","jackson","","matthew jackson","","","","","","","","","","","","","matthew jackson","",""
"30636645119786950750","","M.","Dale","Jackson","","M. Jackson","","","","","","","","","","","","","M. Jackson","",""
"30636645119786950750","","Matthew","","Jackson","","Matthew Jackson","","","","","","","","","","","","","Matthew Jackson","",""
"43166611315901806361","","Sakura","","","","Sakura","","","","","","","","","","","","","Sakura","",""
"43166611315901806361","","Sakura","","Itō","","Sakura Itō","","","","","","","","","","","","","Sakura Itō","",""
"43166611315901806361","","Itō","","Sakura","","Itō Sakura","","","","","","","","","","","","","Itō Sakura","",""
"62063139789616782538","","RICHARD","Y","MOORE","","RICHARD MOORE","","","","","","","","","","","","","RICHARD MOORE","",""
"62063139789616782538","","Richard","Y","M.","","Richard M.","","","","","","","","","","","","","Richard M.","",""
"62063139789616782538","","R.","Y","Moore","","R. Moore","","","","","","","","","","","","","R. Moore","",""
"62063139789616782538","","Richard","Y","","","Richard","","","","","","","","","","","","","Richard","",""
"15307391828277906360","","Nicolò","","G.","","Nicolò G.","","","","","","","","","","","","","Nicolò G.","",""
"15307391828277906360","","Nicolò","","Gallo","","Nicolò Gallo","","","","","","","","","","","","","Nicolò Gallo","",""
"15307391828277906360","","Gallo","","Nicolò","","Gallo Nicolò","","","","","","","","","","","","","Gallo Nicolò","",""
"69330671738697687813","","Kimberly","I","M.","","Kimberly M.","","","","","","","","","","","","","Kimberly M.","",""
"69330671738697687813","","KIMBERLY","I","MARTIN","","KIMBERLY MARTIN","","","","","","","","","","","","","KIMBERLY MARTIN","",""
"69330671738697687813","","kimberly","i","martin","","kimberly martin","","","","","","","","","","","","","kimberly martin","",""
"69330671738697687813","","Kim","I","Martin","","Kim Martin","","","","","","","","","","","","","Kim Martin","",""
"72708048625753627712","","Patricia","S","Wislon","","Patricia Wislon","","","","","","","","","","","","","Patricia Wislon","",""
"72708048625753627712","","Patrucia","S","Wilson","","Patrucia Wilson","","","","","","","","","","","","","Patrucia Wilson","",""
"72708048625753627712","","Patricia","S","W.","","Patricia W.","","","","","","","","","","","","","Patricia W.","",""
"30156098900413666707","","Lucía","","","","Lucía","","","","","","","","","","","","","Lucía","",""
"30156098900413666707","","Lucía","","López","II","Lucía López","","","","","","","","","","","","","Lucía López","",""
"30156098900413666707","","López","","Lucía","","López Lucía","","","","","","","","","","","","","López Lucía","",""
"79559381425218213118","","Dorothy","Ray","F.","","Dorothy F.","","","","","","","","","","","","","Dorothy F.","",""
"79559381425218213118","","Dorothy","Ray","","","Dorothy","","","","","","","","","","","","","Dorothy","",""
"79559381425218213118","","Dorothy","Ray","Flores","MD","Dorothy Flores","","","","","","","","","","","","","Dorothy Flores","",""
"79559381425218213118","","Flores","Ray","Dorothy","","Flores Dorothy","","","","","","","","","","","","","Flores Dorothy","",""
"15730599386666221017","","Sadnra","Anne","Flores","","Sadnra Flores","","","","","","","","","","","","","Sadnra Flores","",""
"15730599386666221017","","Sandra","Anne","Glores","","Sandra Glores","","","","","","","","","","","","","Sandra Glores","",""
"15730599386666221017","","Sandra","Anne","F.","","Sandra F.","","","","","","","","","","","","","Sandra F.","",""
"15730599386666221017","","SANDRA","ANNE","FLORES","","SANDRA FLORES","","","","","","","","","","","","","SANDRA FLORES","",""
"69946763813705774685","","oël","","Ménard","","oël Ménard","","","","","","","","","","","","","oël Ménard","",""
"69946763813705774685","","Noël","","M.","","Noël M.","","","","","","","","","","","","","Noël M.","",""
"69946763813705774685","","Noël","","Ménard","","Noël Ménard","","","","","","","","","","","","","Noël Ménard","",""
"69946763813705774685","","Ménard","","Noël","","Ménard Noël","","","","","","","","","","","","","Ménard Noël","",""
"14726287225935641379","","Mattteo","U","Rizzo","","Mattteo Rizzo","","","","","","","","","","","","","Mattteo Rizzo","",""
"14726287225935641379","","Matteo","","Rizzo","","Matteo Rizzo","","","","","","","","","","","","","Matteo Rizzo","",""
"14726287225935641379","","Matteo","U","R.","","Matteo R.","","","","","","","","","","","","","Matteo R.","",""
"14726287225935641379","","M.","U","Rizzo","","M. Rizzo","","","","","","","","","","","","","M. Rizzo","",""
"63026882337872253018","","Matthew","Jane","Allwn","","Matthew Allwn","","","","","","","","","","","","","Matthew Allwn","",""
"63026882337872253018","","Matthew","Jane","","","Matthew","","","","","","","","","","","","","Matthew","",""
"63026882337872253018","","matthew","jane","allen","","matthew allen","","","","","","","","","","","","","matthew allen","",""
"63026882337872253018","","Maythew","Jane","Allen","","Maythew Allen","","","","","","","","","","","","","Maythew Allen","",""
"99029881880471728103","","Gonzalez","Wayne","Joseph","","Gonzalez Joseph","","","","","","","","","","","","","Gonzalez Joseph","",""
"99029881880471728103","","Joseph","Wayne","Gonzalez","PhD","Joseph Gonzalez","","","","","","","","","","","","","Joseph Gonzalez","",""
"99029881880471728103","","Joseph","Wayne","","","Joseph","","","","","","","","","","","","","Joseph","",""
"99029881880471728103","","Joseph","","Gonzalez","","Joseph Gonzalez","","","","","","","","","","","","","Joseph Gonzalez","",""
"96300329404016970727","","Zofia","","Dąbroeski","","Zofia Dąbroeski","","","","","","","","","","","","","Zofia Dąbroeski","",""
"96300329404016970727","","Zoifa","","Dąbrowski","","Zoifa Dąbrowski","","","","","","","","","","","","","Zoifa Dąbrowski","",""
"96300329404016970727","","Z.","","Dąbrowski","","Z. Dąbrowski","","","","","","","","","","","","","Z. Dąbrowski","",""
"78526439347845739660","","Àlvise","","","","Àlvise","","","","","","","","","","","","","Àlvise","",""
"78526439347845739660","","Àlvise","","R.","","Àlvise R.","","","","","","","","","","","","","Àlvise R.","",""
"78526439347845739660","","Àvlise","","Ricci","","Àvlise Ricci","","","","","","","","","","","","","Àvlise Ricci","",""
"50539615768616235509","","Joseph","","Hernandez","PhD","Joseph Hernandez","","","","","","","","","","","","","Joseph Hernandez","",""
"50539615768616235509","","Joesph","","Hernandez","","Joesph Hernandez","","","","","","","","","","","","","Joesph Hernandez","",""
"50539615768616235509","","Joseph","","","","Joseph","","","","","","","","","","","","","Joseph","",""
"50539615768616235509","","J.","","Hernandez","","J. Hernandez","","","","","","","","","","","","","J. Hernandez","",""
"40765790246725365827","","Ashley","Grace","Thomsa","","Ashley Thomsa","","","","","","","","","","","","","Ashley Thomsa","",""
"40765790246725365827","","Ashley","Grace","","","Ashley","","","","","","","","","","","","","Ashley","",""
"40765790246725365827","","Thomas","Grace","Ashley","","Thomas Ashley","","","","","","","","","","","","","Thomas Ashley","",""
"40765790246725365827","","ashley","grace","thomas","","ashley thomas","","","","","","","","","","","","","ashley thomas","",""
"10066745262376215336","","Elizabeth","S","S.","","Elizabeth S.","","","","","","","","","","","","","Elizabeth S.","",""
"10066745262376215336","","Elizabeth","S","","","Elizabeth","","","","","","","","","","","","","Elizabeth","",""
"10066745262376215336","","Smith","S","Elizabeth","","Smith Elizabeth","","","","","","","","","","","","","Smith Elizabeth","",""
"10066745262376215336","","elizabeth","s","smith","","elizabeth smith","","","","","","","","","","","","","elizabeth smith","",""
"56524535765596419066","","MAŁGORZATA","R","KACZMAREK","","MAŁGORZATA KACZMAREK","","","","","","","","","","","","","MAŁGORZATA KACZMAREK","",""
"56524535765596419066","","Małgorzata","","Kaczmarek","","Małgorzata Kaczmarek","","","","","","","","","","","","","Małgorzata Kaczmarek","",""
"56524535765596419066","","Małgorzata","R","K.","","Małgorzata K.","","","","","","","","","","","","","Małgorzata K.","",""
"56524535765596419066","","Małgorzata","R","K.","","Małgorzata K.","","","","","","","","","","","","","Małgorzata K.","",""
"45659246021700068339","","Kimberly","Jean","Ramrez","","Kimberly Ramrez","","","","","","","","","","","","","Kimberly Ramrez","",""
"45659246021700068339","","Kimberly","Jean","R.","","Kimberly R.","","","","","","","","","","","","","Kimberly R.","",""
"45659246021700068339","","kimberly","jean","ramirez","","kimberly ramirez","","","","","","","","","","","","","kimberly ramirez","",""
"73029521283956750407","","Cécile","","Mancini","","Cécile Mancini","","","","","","","","","","","","","Cécile Mancini","",""
"73029521283956750407","","cécile","v","mancini","","cécile mancini","","","","","","","","","","","","","cécile mancini","",""
"73029521283956750407","","Cécile","V","","","Cécile","","","","","","","","","","","","","Cécile","",""
"97899503032149062189","","Moore","Grace","Nancy","","Moore Nancy","","","","","","","","","","","","","Moore Nancy","",""
"97899503032149062189","","NANCY","GRACE","MOORE","","NANCY MOORE","","","","","","","","","","","","","NANCY MOORE","",""
"97899503032149062189","","Nancy","Grace","MMoore","","Nancy MMoore","","","","","","","","","","","","","Nancy MMoore","",""
"97899503032149062189","","Nancy","Grace","Moore","III","Nancy Moore","","","","","","","","","","","","","Nancy Moore","",""
"61768512494531458479","","Amélie","","","","Amélie","","","","","","","","","","","","","Amélie","",""
"61768512494531458479","","Amélie","","Gérad","","Amélie Gérad","","","","","","","","","","","","","Amélie Gérad","",""
"61768512494531458479","","Amélie","","G.","","Amélie G.","","","","","","","","","","","","","Amélie G.","",""
"66415903765177901675","","MATTEO","","CONTI","","MATTEO CONTI","","","","","","","","","","","","","MATTEO CONTI","",""
"66415903765177901675","","Matteo","","C.","","Matteo C.","","","","","","","","","","","","","Matteo C.","",""
"66415903765177901675","","Matteo","","","","Matteo","","","","","","","","","","","","","Matteo","",""
"66415903765177901675","","Mateto","","Conti","","Mateto Conti","","","","","","","","","","","","","Mateto Conti","",""
"72620443477656904453","","Schäfer","","","","Schäfer","","","","","","","","","","","","","Schäfer","",""
"72620443477656904453","","Schäfer","","H.","","Schäfer H.","","","","","","","","","","","","","Schäfer H.","",""
"72620443477656904453","","Schäfer","","Höfer","","Schäfer Höfer","","","","","","","","","","","","","Schäfer Höfer","",""
"72620443477656904453","","Schfer","","Höfer","","Schfer Höfer","","","","","","","","","","","","","Schfer Höfer","",""
"34516770777590690615","","Céccile","","Ferrara","","Céccile Ferrara","","","","","","","","","","","","","Céccile Ferrara","",""
"34516770777590690615","","Ferrara","","Cécile","","Ferrara Cécile","","","","","","","","","","","","","Ferrara Cécile","",""
"34516770777590690615","","Cécile","","F.","","Cécile F.","","","","","","","","","","","","","Cécile F.","",""
"78286908721219757917","","Daniel","Ray","Younng","","Daniel Younng","","","","","","","","","","","","","Daniel Younng","",""
"78286908721219757917","","Daniel","","Young","","Daniel Young","","","","","","","","","","","","","Daniel Young","",""
"78286908721219757917","","daniel","ray","young","","daniel young","","","","","","","","","","","","","daniel young","",""
"50723244588653542756","","Rodríguez","","Andrés","","Rodríguez Andrés","","","","","","","","","","","","","Rodríguez Andrés","",""
"50723244588653542756","","ANDRÉS","","RODRÍGUEZ","","ANDRÉS RODRÍGUEZ","","","","","","","","","","","","","ANDRÉS RODRÍGUEZ","",""
"50723244588653542756","","Andrés","","R.","","Andrés R.","","","","","","","","","","","","","Andrés R.","",""
"78248370435777334878","","AGNIESZKA","","WIŚNIEWSKI","","AGNIESZKA WIŚNIEWSKI","","","","","","","","","","","","","AGNIESZKA WIŚNIEWSKI","",""
"78248370435777334878","","Agneiszka","","Wiśniewski","","Agneiszka Wiśniewski","","","","","","","","","","","","","Agneiszka Wiśniewski","",""
"78248370435777334878","","agnieszka","","wiśniewski","","agnieszka wiśniewski","","","","","","","","","","","","","agnieszka wiśniewski","",""
"78248370435777334878","","Agnieszka","","Wiśniewski","","Agnieszka Wiśniewski","","","","","","","","","","","","","Agnieszka Wiśniewski","",""
"83752646543661060979","","karen","roy","brown","","karen brown","","","","","","","","","","","","","karen brown","",""
"83752646543661060979","","Karen","Roy","Broown","","Karen Broown","","","","","","","","","","","","","Karen Broown","",""
"83752646543661060979","","Karen","Roy","B.","","Karen B.","","","","","","","","","","","","","Karen B.","",""
"83752646543661060979","","Brown","Roy","Karen","","Brown Karen","","","","","","","","","","","","","Brown Karen","",""
"82237390594052649445","","müge","","könig","","müge könig","","","","","","","","","","","","","müge könig","",""
"82237390594052649445","","Müge","","König","","Müge König","","","","","","","","","","","","","Müge König","",""
"82237390594052649445","","Müge","","K.","","Müge K.","","","","","","","","","","","","","Müge K.","",""
"92270118741214199094","","layla","","jabari","","layla jabari","","","","","","","","","","","","","layla jabari","",""
"92270118741214199094","","Laayla","","Jabari","","Laayla Jabari","","","","","","","","","","","","","Laayla Jabari","",""
"92270118741214199094","","Layla","","Jabaari","","Layla Jabaari","","","","","","","","","","","","","Layla Jabaari","",""
"92270118741214199094","","Layla","","","","Layla","","","","","","","","","","","","","Layla","",""
"19114976428752370592","","Steven","Lee","LLee","","Steven LLee","","","","","","","","","","","","","Steven LLee","",""
"19114976428752370592","","Steven","Lee","L.","","Steven L.","","","","","","","","","","","","","Steven L.","",""
"19114976428752370592","","Lee","Lee","Steven","","Lee Steven","","","","","","","","","","","","","Lee Steven","",""
"57646913361215673443","","Haruto","","Satō","","Haruto Satō","","","","","","","","","","","","","Haruto Satō","",""
"57646913361215673443","","HARUTO","","SATŌ","","HARUTO SATŌ","","","","","","","","","","","","","HARUTO SATŌ","",""
"57646913361215673443","","Haruto","","","","Haruto","","","","","","","","","","","","","Haruto","",""
"17328205842114163709","","H.","","Nakamura","","H. Nakamura","","","","","","","","","","","","","H. Nakamura","",""
"17328205842114163709","","Hina","","Nakamura","","Hina Nakamura","","","","","","","","","","","","","Hina Nakamura","",""
"17328205842114163709","","Hina","","N.","","Hina N.","","","","","","","","","","","","","Hina N.","",""
"17328205842114163709","","hina","","nakamura","","hina nakamura","","","","","","","","","","","","","hina nakamura","",""
"36152266850351213814","","Jessica","Dale","Davis","II","Jessica Davis","","","","","","","","","","","","","Jessica Davis","",""
"36152266850351213814","","Jessica","Dale","Savis","","Jessica Savis","","","","","","","","","","","","","Jessica Savis","",""
"36152266850351213814","","Davis","Dale","Jessica","","Davis Jessica","","","","","","","","","","","","","Davis Jessica","",""
"36152266850351213814","","Jessuca","Dale","Davis","","Jessuca Davis","","","","","","","","","","","","","Jessuca Davis","",""
"50063319686354487262","","C.","","Gallo","","C. Gallo","","","","","","","","","","","","","C. Gallo","",""
"50063319686354487262","","Cécile","","G.","","Cécile G.","","","","","","","","","","","","","Cécile G.","",""
"50063319686354487262","","Céécile","","Gallo","","Céécile Gallo","","","","","","","","","","","","","Céécile Gallo","",""
"98094069222650403356","","Nancy","","Young","","Nancy Young","","","","","","","","","","","","","Nancy Young","",""
"98094069222650403356","","Nancy","","Young","III","Nancy Young","","","","","","","","","","","","","Nancy Young","",""
"98094069222650403356","","Nancy","","Y.","","Nancy Y.","","","","","","","","","","","","","Nancy Y.","",""
"98094069222650403356","","Nancy","","Y.","","Nancy Y.","","","","","","","","","","","","","Nancy Y.","",""
"43666650102890880806","","Nicolò","","F.","","Nicolò F.","","","","","","","","","","","","","Nicolò F.","",""
"43666650102890880806","","NICOLÒ","","FERRARA","","NICOLÒ FERRARA","","","","","","","","","","","","","NICOLÒ FERRARA","",""
"43666650102890880806","","nicolò","","ferrara","","nicolò ferrara","","","","","","","","","","","","","nicolò ferrara","",""
"97791442450420610487","","Cécile","","C.","","Cécile C.","","","","","","","","","","","","","Cécile C.","",""
"97791442450420610487","","Cécile","","Conti","Esq.","Cécile Conti","","","","","","","","","","","","","Cécile Conti","",""
"97791442450420610487","","C.","","Conti","","C. Conti","","","","","","","","","","","","","C. Conti","",""
"88058439930850936027","","Eleonora","","","","Eleonora","","","","","","","","","","","","","Eleonora","",""
"88058439930850936027","","Eleonora","","M.","","Eleonora M.","","","","","","","","","","","","","Eleonora M.","",""
"88058439930850936027","","Eleonora","","Mancini","PhD","Eleonora Mancini","","","","","","","","","","","","","Eleonora Mancini","",""
"88058439930850936027","","Eleonora","","M.","","Eleonora M.","","","","","","","","","","","","","Eleonora M.","",""
"50361295613675349565","","THOMAS","","PEREZ","","THOMAS PEREZ","","","","","","","","","","","","","THOMAS PEREZ","",""
"50361295613675349565","","Tommy","","Perez","","Tommy Perez","","","","","","","","","","","","","Tommy Perez","",""
"50361295613675349565","","homas","","Perez","","homas Perez","","","","","","","","","","","","","homas Perez","",""
"50361295613675349565","","Thomas","","P.","","Thomas P.","","","","","","","","","","","","","Thomas P.","",""
"28678019944809439271","","Łukasz","","Wójcik","","Łukasz Wójcik","","","","","","","","","","","","","Łukasz Wójcik","",""
"28678019944809439271","","ŁUKASZ","W","WÓJCIK","","ŁUKASZ WÓJCIK","","","","","","","","","","","","","ŁUKASZ WÓJCIK","",""
"28678019944809439271","","Łukasz","W","Wójcik","Jr.","Łukasz Wójcik","","","","","","","","","","","","","Łukasz Wójcik","",""
"46706814011561979292","","Leei","Z","Lǐ","","Leei Lǐ","","","","","","","","","","","","","Leei Lǐ","",""
"46706814011561979292","","Lei","Z","Lǐ","Esq.","Lei Lǐ","","","","","","","","","","","","","Lei Lǐ","",""
"46706814011561979292","","LEI","Z","LǏ","","LEI LǏ","","","","","","","","","","","","","LEI LǏ","",""
"43915758252292480401","","Müge","","König","","Müge König","","","","","","","","","","","","","Müge König","",""
"43915758252292480401","","Müge","","Köönig","","Müge Köönig","","","","","","","","","","","","","Müge Köönig","",""
"43915758252292480401","","Müge","","K.","","Müge K.","","","","","","","","","","","","","Müge K.","",""
"89568118661364629568","","Łukasz","","KKowalski","","Łukasz KKowalski","","","","","","","","","","","","","Łukasz KKowalski","",""
"89568118661364629568","","Ł.","","Kowalski","","Ł. Kowalski","","","","","","","","","","","","","Ł. Kowalski","",""
"89568118661364629568","","Kowalski","","Łukasz","","Kowalski Łukasz","","","","","","","","","","","","","Kowalski Łukasz","",""
"63144257821174652821","","Sara","","Flores","","Sara Flores","","","","","","","","","","","","","Sara Flores","",""
"63144257821174652821","","Sarah","","Flores","","Sarah Flores","","","","","","","","","","","","","Sarah Flores","",""
"63144257821174652821","","S.","","Flores","","S. Flores","","","","","","","","","","","","","S. Flores","",""
"63144257821174652821","","Sarah","","F.","","Sarah F.","","","","","","","","","","","","","Sarah F.","",""
"67620339869155075366","","Fatima","","El-Amin","Sr.","Fatima El-Amin","","","","","","","","","","","","","Fatima El-Amin","",""
"67620339869155075366","","F.","","El-Amin","","F. El-Amin","","","","","","","","","","","","","F. El-Amin","",""
"67620339869155075366","","fatima","","el-amin","","fatima el-amin","","","","","","","","","","","","","fatima el-amin","",""
"34972133061161435419","","Betty","","Johnson","MD","Betty Johnson","","","","","","","","","","","","","Betty Johnson","",""
"34972133061161435419","","Johnson","","Betty","","Johnson Betty","","","","","","","","","","","","","Johnson Betty","",""
"34972133061161435419","","Betty","","J.","","Betty J.","","","","","","","","","","","","","Betty J.","",""
"65977877406654366539","","Yui","","S.","","Yui S.","","","","","","","","","","","","","Yui S.","",""
"65977877406654366539","","Yui","","Suzuki","","Yui Suzuki","","","","","","","","","","","","","Yui Suzuki","",""
"65977877406654366539","","YUI","","SUZUKI","","YUI SUZUKI","","","","","","","","","","","","","YUI SUZUKI","",""
"38555123955721355854","","Scähfer","","Lüders","","Scähfer Lüders","","","","","","","","","","","","","Scähfer Lüders","",""
"38555123955721355854","","Schäfer","","L.","","Schäfer L.","","","","","","","","","","","","","Schäfer L.","",""
"38555123955721355854","","Schäfer","","Lüders","","Schäfer Lüders","","","","","","","","","","","","","Schäfer Lüders","",""
"78971437179729157414","","MAŁGORZATA","","PIÓREK","","MAŁGORZATA PIÓREK","","","","","","","","","","","","","MAŁGORZATA PIÓREK","",""
"78971437179729157414","","Piórek","","Małgorzata","","Piórek Małgorzata","","","","","","","","","","","","","Piórek Małgorzata","",""
"78971437179729157414","","Małłgorzata","","Piórek","","Małłgorzata Piórek","","","","","","","","","","","","","Małłgorzata Piórek","",""
"42738236789968848719","","Anderson","Dean","Dorothy","","Anderson Dorothy","","","","","","","","","","","","","Anderson Dorothy","",""
"42738236789968848719","","Dot","Dean","Anderson","","Dot Anderson","","","","","","","","","","","","","Dot Anderson","",""
"42738236789968848719","","D.","Dean","Anderson","","D. Anderson","","","","","","","","","","","","","D. Anderson","",""
"29453429900426095834","","Renée","D","Lefèvre","III","Renée Lefèvre","","","","","","","","","","","","","Renée Lefèvre","",""
"29453429900426095834","","Renée","D","eLfèvre","","Renée eLfèvre","","","","","","","","","","","","","Renée eLfèvre","",""
"29453429900426095834","","Renée","D","L.","","Renée L.","","","","","","","","","","","","","Renée L.","",""
"29453429900426095834","","Renée","D","L.","","Renée L.","","","","","","","","","","","","","Renée L.","",""
"99347800159371730523","","Björn","","Weiß","","Björn Weiß","","","","","","","","","","","","","Björn Weiß","",""
"99347800159371730523","","Björn","D","Weiß","II","Björn Weiß","","","","","","","","","","","","","Björn Weiß","",""
"99347800159371730523","","Bjrn","D","Weiß","","Bjrn Weiß","","","","","","","","","","","","","Bjrn Weiß","",""
"27406436571083220290","","Yan","J","Lǐ","III","Yan Lǐ","","","","","","","","","","","","","Yan Lǐ","",""
"27406436571083220290","","Yan","J","Lǐ","","Yan Lǐ","","","","","","","","","","","","","Yan Lǐ","",""
"27406436571083220290","","Yna","J","Lǐ","","Yna Lǐ","","","","","","","","","","","","","Yna Lǐ","",""
"27406436571083220290","","yan","j","lǐ","","yan lǐ","","","","","","","","","","","","","yan lǐ","",""
"46033252200997963713","","Sarah","","","","Sarah","","","","","","","","","","","","","Sarah","",""
"46033252200997963713","","Sarah","","Thompson","","Sarah Thompson","","","","","","","","","","","","","Sarah Thompson","",""
"46033252200997963713","","Sarah","","Thommpson","","Sarah Thommpson","","","","","","","","","","","","","Sarah Thommpson","",""
"46033252200997963713","","Sarah","","T.","","Sarah T.","","","","","","","","","","","","","Sarah T.","",""
"63129553321937097876","","Pilar","","López","","Pilar López","","","","","","","","","","","","","Pilar López","",""
"63129553321937097876","","Pilar","","L.","","Pilar L.","","","","","","","","","","","","","Pilar L.","",""
"63129553321937097876","","Pilar","","Lóópez","","Pilar Lóópez","","","","","","","","","","","","","Pilar Lóópez","",""
"63129553321937097876","","Pilar","","López","PhD","Pilar López","","","","","","","","","","","","","Pilar López","",""
"12745734776995295511","","Naomi","H","N.","","Naomi N.","","","","","","","","","","","","","Naomi N.","",""
"12745734776995295511","","NAOMI","H","NAKAMURA","","NAOMI NAKAMURA","","","","","","","","","","","","","NAOMI NAKAMURA","",""
"12745734776995295511","","N.","H","Nakamura","","N. Nakamura","","","","","","","","","","","","","N. Nakamura","",""
"12745734776995295511","","Naomi","","Nakamura","","Naomi Nakamura","","","","","","","","","","","","","Naomi Nakamura","",""
"83356414765500649427","","Höfer","P","Jürgen","","Höfer Jürgen","","","","","","","","","","","","","Höfer Jürgen","",""
"83356414765500649427","","Jürgen","","Höfer","","Jürgen Höfer","","","","","","","","","","","","","Jürgen Höfer","",""
"83356414765500649427","","Jürgen","P","H.","","Jürgen H.","","","","","","","","","","","","","Jürgen H.","",""
"83356414765500649427","","Jürgen","P","Jöfer","","Jürgen Jöfer","","","","","","","","","","","","","Jürgen Jöfer","",""
"71636442076617547707","","Schäfer","","Löwe","","Schäfer Löwe","","","","","","","","","","","","","Schäfer Löwe","",""
"71636442076617547707","","Löwe","","Schäfer","Sr.","Löwe Schäfer","","","","","","","","","","","","","Löwe Schäfer","",""
"71636442076617547707","","Löwe","","","","Löwe","","","","","","","","","","","","","Löwe","",""
"71636442076617547707","","Löwe","","Schäfeer","","Löwe Schäfeer","","","","","","","","","","","","","Löwe Schäfeer","",""
"48572031656465176051","","Álvaro","","García","Jr.","Álvaro García","","","","","","","","","","","","","Álvaro García","",""
"48572031656465176051","","Álcaro","","García","","Álcaro García","","","","","","","","","","","","","Álcaro García","",""
"48572031656465176051","","Álvaro","","Garvía","","Álvaro Garvía","","","","","","","","","","","","","Álvaro Garvía","",""
"48572031656465176051","","Álvaro","","García","","Álvaro García","","","","","","","","","","","","","Álvaro García","",""
"75908037266548160881","","omar","","nasser","","omar nasser","","","","","","","","","","","","","omar nasser","",""
"75908037266548160881","","Omar","","asser","","Omar asser","","","","","","","","","","","","","Omar asser","",""
"75908037266548160881","","Nasser","","Omar","","Nasser Omar","","","","","","","","","","","","","Nasser Omar","",""
"75908037266548160881","","Omar","","N.","","Omar N.","","","","","","","","","","","","","Omar N.","",""
"91835966830149602297","","Élodie","B","Hébert","Sr.","Élodie Hébert","","","","","","","","","","","","","Élodie Hébert","",""
"91835966830149602297","","É.","B","Hébert","","É. Hébert","","","","","","","","","","","","","É. Hébert","",""
"91835966830149602297","","ÉLODIE","B","HÉBERT","","ÉLODIE HÉBERT","","","","","","","","","","","","","ÉLODIE HÉBERT","",""
"91835966830149602297","","élodie","b","hébert","","élodie hébert","","","","","","","","","","","","","élodie hébert","",""
"67823418811606343474","","L.","","Moore","","L. Moore","","","","","","","","","","","","","L. Moore","",""
"67823418811606343474","","lisa","","moore","","lisa moore","","","","","","","","","","","","","lisa moore","",""
"67823418811606343474","","LISA","","MOORE","","LISA MOORE","","","","","","","","","","","","","LISA MOORE","",""
"67823418811606343474","","Lisa","","Mooore","","Lisa Mooore","","","","","","","","","","","","","Lisa Mooore","",""
"20020665571491630713","","Nicolò","","","","Nicolò","","","","","","","","","","","","","Nicolò","",""
"20020665571491630713","","Moretti","","Nicolò","","Moretti Nicolò","","","","","","","","","","","","","Moretti Nicolò","",""
"20020665571491630713","","Nicolò","","Moretti","Jr.","Nicolò Moretti","","","","","","","","","","","","","Nicolò Moretti","",""
"20020665571491630713","","Nicolò","","M.","","Nicolò M.","","","","","","","","","","","","","Nicolò M.","",""
"91081376481034533186","","Adnré","F","Pâquier","","Adnré Pâquier","","","","","","","","","","","","","Adnré Pâquier","",""
"91081376481034533186","","André","","Pâquier","","André Pâquier","","","","","","","","","","","","","André Pâquier","",""
"91081376481034533186","","André","F","Pâqueir","","André Pâqueir","","","","","","","","","","","","","André Pâqueir","",""
"91081376481034533186","","André","F","P.","","André P.","","","","","","","","","","","","","André P.","",""
"71504932374165123900","","A.","","Nasser","","A. Nasser","","","","","","","","","","","","","A. Nasser","",""
"71504932374165123900","","aisha","","nasser","","aisha nasser","","","","","","","","","","","","","aisha nasser","",""
"71504932374165123900","","Aihsa","","Nasser","","Aihsa Nasser","","","","","","","","","","","","","Aihsa Nasser","",""
"18056759632666433649","","Stanisław","","Wójcik","","Stanisław Wójcik","","","","","","","","","","","","","Stanisław Wójcik","",""
"18056759632666433649","","Wójcik","","Stanisław","","Wójcik Stanisław","","","","","","","","","","","","","Wójcik Stanisław","",""
"18056759632666433649","","Stanisław","","","","Stanisław","","","","","","","","","","","","","Stanisław","",""
"18056759632666433649","","Stanisław","","W.","","Stanisław W.","","","","","","","","","","","","","Stanisław W.","",""
"59124432452514414396","","P.","P","Flores","","P. Flores","","","","","","","","","","","","","P. Flores","",""
"59124432452514414396","","Flores","P","Patricia","","Flores Patricia","","","","","","","","","","","","","Flores Patricia","",""
"59124432452514414396","","Patricia","","Flores","","Patricia Flores","","","","","","","","","","","","","Patricia Flores","",""
"59287145106135190708","","andrew","","martin","","andrew martin","","","","","","","","","","","","","andrew martin","",""
"59287145106135190708","","Andrew","","M.","","Andrew M.","","","","","","","","","","","","","Andrew M.","",""
"59287145106135190708","","Martin","","Andrew","","Martin Andrew","","","","","","","","","","","","","Martin Andrew","",""
"30551078592034012360","","AAhmed","D","Jabari","","AAhmed Jabari","","","","","","","","","","","","","AAhmed Jabari","",""
"30551078592034012360","","Ahmed","D","J.","","Ahmed J.","","","","","","","","","","","","","Ahmed J.","",""
"30551078592034012360","","Ahmed","D","","","Ahmed","","","","","","","","","","","","","Ahmed","",""
"30551078592034012360","","ahmed","d","jabari","","ahmed jabari","","","","","","","","","","","","","ahmed jabari","",""
"89414334344169520645","","Łujasz","","Piórek","","Łujasz Piórek","","","","","","","","","","","","","Łujasz Piórek","",""
"89414334344169520645","","Piórek","","Łukasz","","Piórek Łukasz","","","","","","","","","","","","","Piórek Łukasz","",""
"89414334344169520645","","łukasz","","piórek","","łukasz piórek","","","","","","","","","","","","","łukasz piórek","",""
"34994403377068097173","","linda","","taylor","","linda taylor","","","","","","","","","","","","","linda taylor","",""
"34994403377068097173","","Kinda","","Taylor","","Kinda Taylor","","","","","","","","","","","","","Kinda Taylor","",""
"34994403377068097173","","Taylor","","Linda","","Taylor Linda","","","","","","","","","","","","","Taylor Linda","",""
"34994403377068097173","","LINDA","","TAYLOR","","LINDA TAYLOR","","","","","","","","","","","","","LINDA TAYLOR","",""
"81225704720759192618","","Kaczmarek","D","Różą","","Kaczmarek Różą","","","","","","","","","","","","","Kaczmarek Różą","",""
"81225704720759192618","","Różą","","Kaczmarek","","Różą Kaczmarek","","","","","","","","","","","","","Różą Kaczmarek","",""
"81225704720759192618","","Różą","D","K.","","Różą K.","","","","","","","","","","","","","Różą K.","",""
"38376900405202093189","","Lee","Louise","Mary","","Lee Mary","","","","","","","","","","","","","Lee Mary","",""
"38376900405202093189","","Mry","Louise","Lee","","Mry Lee","","","","","","","","","","","","","Mry Lee","",""
"38376900405202093189","","Mary","Louise","L.","","Mary L.","","","","","","","","","","","","","Mary L.","",""
"38376900405202093189","","Mary","","Lee","","Mary Lee","","","","","","","","","","","","","Mary Lee","",""
"31692307944384741361","","Mark","Grace","A.","","Mark A.","","","","","","","","","","","","","Mark A.","",""
"31692307944384741361","","Mark","Grace","Allen","II","Mark Allen","","","","","","","","","","","","","Mark Allen","",""
"31692307944384741361","","Allen","Grace","Mark","","Allen Mark","","","","","","","","","","","","","Allen Mark","",""
"21898340032031331089","","jesús","r","martínez","","jesús martínez","","","","","","","","","","","","","jesús martínez","",""
"21898340032031331089","","Jesús","R","M.","","Jesús M.","","","","","","","","","","","","","Jesús M.","",""
"21898340032031331089","","Jesús","R","Martínz","","Jesús Martínz","","","","","","","","","","","","","Jesús Martínz","",""
"21898340032031331089","","Jesús","R","Martínez","MD","Jesús Martínez","","","","","","","","","","","","","Jesús Martínez","",""
"74511386012827054978","","Käthe","","ästner","","Käthe ästner","","","","","","","","","","","","","Käthe ästner","",""
"74511386012827054978","","Käthe","","Kästner","","Käthe Kästner","","","","","","","","","","","","","Käthe Kästner","",""
"74511386012827054978","","käthe","","kästner","","käthe kästner","","","","","","","","","","","","","käthe kästner","",""
"51741725157504181645","","John","","H.","","John H.","","","","","","","","","","","","","John H.","",""
"51741725157504181645","","John","","Harris","","John Harris","","","","","","","","","","","","","John Harris","",""
"51741725157504181645","","J.","","Harris","","J. Harris","","","","","","","","","","","","","J. Harris","",""
"88827938084479257165","","Mhammed","","El-Amin","","Mhammed El-Amin","","","","","","","","","","","","","Mhammed El-Amin","",""
"88827938084479257165","","Mohammed","","El-Amin","","Mohammed El-Amin","","","","","","","","","","","","","Mohammed El-Amin","",""
"88827938084479257165","","El-Amin","","Mohammed","","El-Amin Mohammed","","","","","","","","","","","","","El-Amin Mohammed","",""
"50946351521520536618","","Christopher","","B.","","Christopher B.","","","","","","","","","","","","","Christopher B.","",""
"50946351521520536618","","Christopher","","","","Christopher","","","","","","","","","","","","","Christopher","",""
"50946351521520536618","","Christopher","","B.","","Christopher B.","","","","","","","","","","","","","Christopher B.","",""
"50946351521520536618","","Chris","","Brown","","Chris Brown","","","","","","","","","","","","","Chris Brown","",""
"63058403174094669154","","Daniel","","W.","","Daniel W.","","","","","","","","","","","","","Daniel W.","",""
"63058403174094669154","","Daniel","","Williams","Esq.","Daniel Williams","","","","","","","","","","","","","Daniel Williams","",""
"63058403174094669154","","Daniel","","Williams","","Daniel Williams","","","","","","","","","","","","","Daniel Williams","",""
"63058403174094669154","","Dan","","Williams","","Dan Williams","","","","","","","","","","","","","Dan Williams","",""
